Periodo;Partner;Pais;Usuarios_Nuevos;Primera_Recarga;Usuarios_que_Depositaron;Valor_que_Depositaron;Cantidad_de_Depositos;Activos_Deportivas;Activos_Casino;Valor_Primer_Deposito
2023-01-01-2023-01-31;Doradobet;Perú;12790;4236;37535;25514422,8;266831;46917;23120;692189,78
2023-01-01-2023-01-31;Doradobet;Chile;266;41;115;34560251;739;187;304;1290700
2023-01-01-2023-01-31;Doradobet;Ecuador;982;86;236;18360,49;831;336;238;2305
2023-01-01-2023-01-31;Doradobet;Nicaragua;891;266;2217;635079,69;20479;2372;1128;9796,22
2023-01-01-2023-01-31;Doradobet;Costa Rica;1191;207;835;104170302,1;6243;924;542;1926793
2023-01-01-2023-01-31;Doradobet;Guatemala;711;41;54;17090,61;121;53;45;4215
2023-01-01-2023-01-31;Ecuabet;Ecuador;15184;7307;84810;12462861,75;699085;94602;28993;203143,33
2023-01-01-2023-01-31;Eltribet;México;764;54;61;43988;114;48;53;17158
2023-01-01-2023-01-31;Lotosports;Brasil;451;271;1236;679775,34;18638;841;915;5531,98
2023-02-01-2023-02-28;Doradobet;Perú;16740;5180;41163;25070261,58;268590;50985;29249;846952,84
2023-02-01-2023-02-28;Doradobet;Nicaragua;1318;396;2574;722989,76;21366;2706;959;10013,98
2023-02-01-2023-02-28;Doradobet;Ecuador;1030;129;281;48900,38;1009;390;217;8344,5
2023-02-01-2023-02-28;Doradobet;Costa Rica;1878;289;1036;122973269,7;7508;1157;726;2028403,48
2023-02-01-2023-02-28;Doradobet;Chile;281;48;127;43220937;829;211;327;3016600
2023-02-01-2023-02-28;Doradobet;Guatemala;1135;50;77;39495,61;239;81;51;6803
2023-02-01-2023-02-28;Doradobet;El Salvador;2;0;0;0;0;0;0;0
2023-02-01-2023-02-28;Eltribet;México;1026;73;84;106071,79;172;49;108;35691
2023-02-01-2023-02-28;Lotosports;Brasil;476;325;1311;594104,24;18698;954;974;11882,88
2023-03-01-2023-03-31;Doradobet;PerÃº;22379;6552;46829;29303868,53;322317;57465;27372;796590,01
2023-03-01-2023-03-31;Doradobet;Guatemala;759;82;125;70354;430;131;84;9709
2023-03-01-2023-03-31;Doradobet;Chile;275;63;164;43281769;967;227;313;3379300
2023-03-01-2023-03-31;Doradobet;Nicaragua;1650;453;2844;968397,56;25722;3009;1084;9936,38
2023-03-01-2023-03-31;Doradobet;Ecuador;15450;718;905;72370,83;2657;8577;13142;17187,2
2023-03-01-2023-03-31;Doradobet;Costa Rica;1742;378;1256;161126642;9671;1390;884;2891247,49
2023-03-01-2023-03-31;Doradobet;El Salvador;4;1;1;5;1;0;0;5
2023-03-01-2023-03-31;Eltribet;MÃ©xico;1458;52;70;96091;148;52;97;19546
2023-03-01-2023-03-31;Lotosports;Brasil;18693;2175;3283;774110,07;25502;3038;12173;37903,25
2023-04-01-2023-04-30;Doradobet;PerÃº;15758;7160;49553;29552262,96;353714;58970;27046;697629,19
2023-04-01-2023-04-30;Doradobet;Ecuador;1423;306;688;82120,85;2724;1150;876;8042,85
2023-04-01-2023-04-30;Doradobet;Costa Rica;2348;320;1260;130121974,9;9461;1401;845;1728168
2023-04-01-2023-04-30;Doradobet;Guatemala;1535;81;140;122748,15;661;153;105;11999,49
2023-04-01-2023-04-30;Doradobet;Nicaragua;2518;435;2949;1038563,7;26958;3122;1248;21187,12
2023-04-01-2023-04-30;Doradobet;Chile;324;73;182;55801713;1307;198;201;1630783
2023-04-01-2023-04-30;Eltribet;MÃ©xico;1150;92;113;68728;224;103;74;38206
2023-04-01-2023-04-30;Lotosports;Brasil;1802;830;2119;854346,25;25068;1600;1897;185463,93
2023-04-01-2023-04-30;Doradobet;PerÃº;15758;7160;49553;29552262,96;353714;58970;27046;697629,19
2023-04-01-2023-04-30;Doradobet;Ecuador;1423;306;688;82120,85;2724;1150;876;8042,85
2023-04-01-2023-04-30;Doradobet;Costa Rica;2348;320;1260;130121974,9;9461;1401;845;1728168
2023-04-01-2023-04-30;Doradobet;Guatemala;1535;81;140;122748,15;661;153;105;11999,49
2023-04-01-2023-04-30;Doradobet;Nicaragua;2518;435;2949;1038563,7;26958;3122;1248;21187,12
2023-04-01-2023-04-30;Doradobet;Chile;324;73;182;55801713;1307;198;201;1630783
2023-04-01-2023-04-30;Eltribet;MÃ©xico;1150;92;113;68728;224;103;74;38206
2023-04-01-2023-04-30;Lotosports;Brasil;1802;830;2119;854346,25;25068;1600;1897;185463,93
2023-05-01-2023-05-31;Doradobet;PerÃº;18688;8456;54312;31861047,49;376426;66463;33596;969954,65
2023-05-01-2023-05-31;Doradobet;Ecuador;2086;248;634;74647,87;2609;1318;2450;10506,9
2023-05-01-2023-05-31;Doradobet;Guatemala;1239;82;172;182505;857;186;93;9939
2023-05-01-2023-05-31;Doradobet;Nicaragua;2540;476;3099;1123470,81;27305;3317;1464;17418,39
2023-05-01-2023-05-31;Doradobet;Costa Rica;2619;601;1586;135984765,7;10652;1751;1001;5030144
2023-05-01-2023-05-31;Doradobet;Chile;363;77;208;48128601;1440;259;274;1620750
2023-05-01-2023-05-31;Eltribet;MÃ©xico;666;69;101;64913;254;109;102;26595
2023-05-01-2023-05-31;Lotosports;Brasil;6955;948;2252;844720,27;25771;6694;1527;185496,63
2023-06-01-2023-06-30;Doradobet;Ecuador;4660;318;641;50008,02;2079;2945;5913;5717,38
2023-06-01-2023-06-30;Doradobet;Guatemala;978;120;211;386679,01;1202;182;108;16876
2023-06-01-2023-06-30;Doradobet;Chile;355;84;205;96385045;1322;245;327;1933215
2023-06-01-2023-06-30;Doradobet;PerÃº;15864;6429;48119;25774498,83;304889;59595;36443;769406,76
2023-06-01-2023-06-30;Doradobet;Nicaragua;2213;250;2326;896070,4;20374;2444;970;15268,87
2023-06-01-2023-06-30;Doradobet;Costa Rica;1546;473;1435;131956133,4;8947;1337;988;2498759
2023-06-01-2023-06-30;Eltribet;MÃ©xico;1031;74;104;87303;316;92;80;24086
2023-06-01-2023-06-30;Lotosports;Brasil;603;265;1499;598656,35;21194;1022;1092;15658,01
2023-06-01-2023-06-30;Ecuabet;Ecuador;37218;12542;115418;15639994,28;879131;130431;94234;161407,93
2023-07-01-2023-07-31;Doradobet;Costa Rica;1080;332;1321;119366558;8702;1324;1115;1794572
2023-07-01-2023-07-31;Doradobet;Ecuador;2872;394;730;83993,65;2748;2636;5004;8317,41
2023-07-01-2023-07-31;Doradobet;PerÃº;12407;4890;42399;26307022,12;296796;53011;37768;610065,31
2023-07-01-2023-07-31;Doradobet;Guatemala;1083;95;196;393269,34;942;188;127;29720
2023-07-01-2023-07-31;Doradobet;Nicaragua;2482;201;2015;833229,04;18449;2053;950;14518,01
2023-07-01-2023-07-31;Doradobet;Chile;487;87;211;75147976;1525;251;446;1951534
2023-07-01-2023-07-31;Doradobet;Brasil;1;1;1;25;4;0;0;5
2023-07-01-2023-07-31;Eltribet;MÃ©xico;1304;99;140;122836,01;375;128;111;27218
2023-07-01-2023-07-31;Lotosports;Brasil;1724;366;1526;480930,68;18628;2486;2229;5117,79
2023-07-01-2023-07-31;Doradobet;Costa Rica;1080;332;1321;119366558;8702;1324;1115;1794572
2023-07-01-2023-07-31;Doradobet;Ecuador;2872;394;730;83993,65;2748;2636;5004;8317,41
2023-07-01-2023-07-31;Doradobet;PerÃº;12407;4890;42399;26307022,12;296796;53011;37768;610065,31
2023-07-01-2023-07-31;Doradobet;Guatemala;1083;95;196;393269,34;942;188;127;29720
2023-07-01-2023-07-31;Doradobet;Nicaragua;2482;201;2015;833229,04;18449;2053;950;14518,01
2023-07-01-2023-07-31;Doradobet;Chile;487;87;211;75147976;1525;251;446;1951534
2023-07-01-2023-07-31;Doradobet;Brasil;1;1;1;25;4;0;0;5
2023-07-01-2023-07-31;Eltribet;MÃ©xico;1304;99;140;122836,01;375;128;111;27218
2023-07-01-2023-07-31;Lotosports;Brasil;1724;366;1526;480930,68;18628;2486;2229;5117,79
2023-07-01-2023-07-31;Ecuabet;Ecuador;30691;8376;96843;14694317,72;846398;111720;83732;111451,31
2023-08-01-2023-08-31;Doradobet;Ecuador;4299;636;1202;93775,59;4059;1361;2014;12483,59
2023-08-01-2023-08-31;Doradobet;PerÃº;36284;6151;45160;25912346,39;322315;55779;42737;577853,75
2023-08-01-2023-08-31;Doradobet;Guatemala;1296;103;204;380265,35;1183;195;133;39643,95
2023-08-01-2023-08-31;Doradobet;Costa Rica;1987;700;1773;132327743;10249;1634;1185;3967950
2023-08-01-2023-08-31;Doradobet;Nicaragua;3162;314;2493;858659,89;22147;2514;1109;16764,77
2023-08-01-2023-08-31;Doradobet;Chile;1028;279;428;49329074;2068;442;1151;3061933
2023-08-01-2023-08-31;Ecuabet;Ecuador;38188;12370;117755;18301784,78;1069695;132978;94552;183494,57
2023-08-01-2023-08-31;Eltribet;MÃ©xico;1445;91;152;177431,02;397;142;138;43597,01
2023-08-01-2023-08-31;Lotosports;Brasil;6386;493;1569;442401,42;13511;2957;1501;8595,64
2023-08-01-2023-08-31;Doradobet;Ecuador;4299;636;1202;93775,59;4059;1361;2014;12483,59
2023-08-01-2023-08-31;Doradobet;PerÃº;36284;6151;45160;25912346,39;322315;55779;42737;577853,75
2023-08-01-2023-08-31;Doradobet;Guatemala;1296;103;204;380265,35;1183;195;133;39643,95
2023-08-01-2023-08-31;Doradobet;Costa Rica;1987;700;1773;132327743;10249;1634;1185;3967950
2023-08-01-2023-08-31;Doradobet;Nicaragua;3162;314;2493;858659,89;22147;2514;1109;16764,77
2023-08-01-2023-08-31;Doradobet;Chile;1028;279;428;49329074;2068;442;1151;3061933
2023-08-01-2023-08-31;Ecuabet;Ecuador;38188;12370;117755;18301784,78;1069695;132978;94552;183494,57
2023-08-01-2023-08-31;Eltribet;MÃ©xico;1445;91;152;177431,02;397;142;138;43597,01
2023-08-01-2023-08-31;Lotosports;Brasil;6386;493;1569;442401,42;13511;2957;1501;8595,64
2023-09-01-2023-09-30;Doradobet;PerÃº;46580;11289;60980;27498877,74;380855;79595;43310;713660,04
2023-09-01-2023-09-30;Doradobet;Costa Rica;2464;768;2100;162845985,4;11601;2269;1589;4972593
2023-09-01-2023-09-30;Doradobet;Nicaragua;3611;404;2885;948414,86;25279;3002;1235;13475,47
2023-09-01-2023-09-30;Doradobet;Guatemala;1369;161;306;388723,46;1496;297;186;30546
2023-09-01-2023-09-30;Doradobet;Ecuador;5999;627;1288;100516,44;4091;1355;1761;10661,85
2023-09-01-2023-09-30;Doradobet;Chile;709;119;298;46211661;1744;294;481;3420823
2023-09-01-2023-09-30;Doradobet;Honduras;4;0;0;0;0;0;0;0
2023-09-01-2023-09-30;Ecuabet;Ecuador;56643;22130;149696;20743887,16;1204148;169242;98240;304080,31
2023-09-01-2023-09-30;Eltribet;MÃ©xico;2929;160;210;152979,13;466;173;176;48132
2023-09-01-2023-09-30;Lotosports;Brasil;5546;353;1377;386855,46;12347;1239;1590;7641,52
2023-10-01-2023-10-31;Doradobet;Guatemala;1553;122;306;579420,07;1727;310;227;34255
2023-10-01-2023-10-31;Doradobet;Nicaragua;3976;565;3191;893015,84;25135;3336;1472;17051,55
2023-10-01-2023-10-31;Doradobet;PerÃº;46421;12128;62483;27545758,28;399705;78569;43172;715412,68
2023-10-01-2023-10-31;Doradobet;Costa Rica;2606;826;2258;175587073,7;12586;2585;1634;5606457
2023-10-01-2023-10-31;Doradobet;Ecuador;4676;769;1505;110123,16;4578;1803;2001;13940,8
2023-10-01-2023-10-31;Doradobet;Chile;1310;211;399;42270086;1880;585;1205;2125157
2023-10-01-2023-10-31;Doradobet;El Salvador;11;1;2;21;2;0;1;11
2023-10-01-2023-10-31;Doradobet;Honduras;9;1;1;10;1;0;2;10
2023-10-01-2023-10-31;Doradobet;Brasil;23;4;4;90;5;0;2;70
2023-10-01-2023-10-31;Ecuabet;Ecuador;55818;24738;160335;21017457,16;1253763;178778;90216;298283,67
2023-10-01-2023-10-31;Eltribet;MÃ©xico;2882;124;189;224236,74;561;179;205;49984
2023-10-01-2023-10-31;Lotosports;Brasil;7745;856;1999;512764,63;15220;2153;7079;17110,93
2023-11-01-2023-11-30;Doradobet;PerÃº;45126;11221;63999;31114419,01;433707;80599;41423;640936,16
2023-11-01-2023-11-30;Doradobet;Nicaragua;4545;357;2787;841366,07;23775;3067;1267;9521,27
2023-11-01-2023-11-30;Doradobet;Ecuador;17728;1583;2464;129301,69;6589;6076;5247;22600,36
2023-11-01-2023-11-30;Doradobet;Guatemala;1263;98;317;693814,89;2306;333;269;12551
2023-11-01-2023-11-30;Doradobet;Costa Rica;2551;534;1964;145377466,8;11945;2477;1538;3658181
2023-11-01-2023-11-30;Doradobet;Chile;1429;176;403;61518135,98;2400;378;636;1758962
2023-11-01-2023-11-30;Doradobet;El Salvador;119;3;3;210;7;1;3;35
2023-11-01-2023-11-30;Doradobet;Honduras;167;0;0;0;0;0;5;0
2023-11-01-2023-11-30;Doradobet;Brasil;17;5;6;325;6;0;4;315
2023-11-01-2023-11-30;Ecuabet;Ecuador;54525;24602;167434;22314514,52;1398804;197253;100334;264988,33
2023-11-01-2023-11-30;Eltribet;MÃ©xico;316;63;139;163776,58;464;149;108;34837
2023-11-01-2023-11-30;Lotosports;Brasil;4645;401;1541;418432,23;15051;1186;1714;8985,77
2023-12-01-2023-12-31;Doradobet;Ecuador;7904;892;1909;121289,64;5417;3311;3649;16947,76
2023-12-01-2023-12-31;Doradobet;Guatemala;1499;66;216;437174,24;1460;219;213;7590
2023-12-01-2023-12-31;Doradobet;Nicaragua;2494;193;2455;818519,06;22276;2675;1161;4939,8
2023-12-01-2023-12-31;Doradobet;PerÃº;30516;7069;47130;29336057,38;368184;58243;37842;669328,17
2023-12-01-2023-12-31;Doradobet;Costa Rica;1081;144;1180;104336260;7773;1587;1122;1154920
2023-12-01-2023-12-31;Doradobet;Chile;1670;223;487;57062795;2797;550;1846;2755513
2023-12-01-2023-12-31;Doradobet;Brasil;237;7;6;21460;10;0;9;20420
2023-12-01-2023-12-31;Doradobet;Honduras;39;2;2;60;2;0;3;60
2023-12-01-2023-12-31;Doradobet;El Salvador;156;0;0;0;0;0;0;0
2023-12-01-2023-12-31;Ecuabet;Ecuador;41859;16141;147888;21402722,08;1285269;181721;111221;198319
2023-12-01-2023-12-31;Eltribet;MÃ©xico;42;0;1;200;1;10;2;0
2023-12-01-2023-12-31;Lotosports;Brasil;7140;638;1646;693731,76;14011;1030;1576;300186,39
2024-01-01-2024-01-31;Doradobet;Chile;1425;249;516;82428956;3241;539;1326;5204858
2024-01-01-2024-01-31;Doradobet;Perú;27205;5885;44558;28502074,39;341789;57477;38446;467645,14
2024-01-01-2024-01-31;Doradobet;Ecuador;13496;1381;2439;167569,73;7183;3782;4132;24539,77
2024-01-01-2024-01-31;Doradobet;Guatemala;587;109;266;481134,93;1617;258;249;16514,59
2024-01-01-2024-01-31;Doradobet;Costa Rica;1697;198;1100;107304285;6869;1520;1261;1850392
2024-01-01-2024-01-31;Doradobet;Nicaragua;1418;276;2662;866268,48;21858;2813;1266;13171,86
2024-01-01-2024-01-31;Doradobet;Brasil;38;0;0;0;0;0;2;0
2024-01-01-2024-01-31;Doradobet;El Salvador;16;0;0;0;0;0;1;0
2024-01-01-2024-01-31;Doradobet;Honduras;8;0;0;0;0;0;3;0
2024-01-01-2024-01-31;Ecuabet;Ecuador;37881;16503;143738;21139818,83;1264991;169134;104211;214728,58
2024-01-01-2024-01-31;Eltribet;México;20;0;0;0;0;0;2;0
2024-01-01-2024-01-31;Lotosports;Brasil;5623;455;1395;376225,74;11795;1082;1777;23064,1
2024-02-01-2024-02-29;Eltribet;México;2;0;0;0;0;3;1;0
2024-02-01-2024-02-29;Lotosports;Brasil;9904;434;1388;298868,8;10799;1083;3675;9226,08
2024-02-01-2024-02-29;Doradobet;Perú;32082;7160;50864;31223191,01;390062;65217;42931;468849,14
2024-02-01-2024-02-29;Doradobet;Ecuador;8031;697;1839;158135,87;6132;3241;4503;17218,81
2024-02-01-2024-02-29;Doradobet;Nicaragua;3616;583;3271;955272,5;25993;3396;1130;12430,22
2024-02-01-2024-02-29;Doradobet;Chile;1600;272;570;157388620;3184;448;803;8320196
2024-02-01-2024-02-29;Doradobet;Costa Rica;2344;387;1420;110450693;8305;1857;1479;2197443
2024-02-01-2024-02-29;Doradobet;Guatemala;1385;105;303;649095,12;1968;326;293;23357,46
2024-02-01-2024-02-29;Doradobet;Brasil;19;0;0;0;0;0;1;0
2024-02-01-2024-02-29;Doradobet;Honduras;7;0;0;0;0;1;2;0
2024-02-01-2024-02-29;Doradobet;El Salvador;5;0;0;0;0;0;1;0
2024-02-01-2024-02-29;Ecuabet;Ecuador;49124;17509;155242;21768486,81;1346488;181298;122045;216714,93
2024-03-01-2024-03-31;Lotosports;Brasil;15586;4456;5457;392615,97;16787;2720;7321;48461,36
2024-03-01-2024-03-31;Eltribet;México;0;0;0;0;0;2;0;0
2024-03-01-2024-03-31;Doradobet;Perú;37743;7743;53023;33329075,12;414827;69517;47104;537020,8
2024-03-01-2024-03-31;Doradobet;Guatemala;1837;148;372;671128,03;2127;426;609;22401,87
2024-03-01-2024-03-31;Doradobet;Costa Rica;4053;819;2025;149861737,5;10710;2375;2233;6435423,61
2024-03-01-2024-03-31;Doradobet;Chile;1518;338;656;184559451,5;3709;559;866;8448296
2024-03-01-2024-03-31;Doradobet;Nicaragua;3842;496;3180;1003789,24;25990;3517;1429;13714,77
2024-03-01-2024-03-31;Doradobet;Brasil;38;0;0;0;0;1;2;0
2024-03-01-2024-03-31;Doradobet;Ecuador;12111;1721;3160;195816,75;9162;4525;5716;23407,83
2024-03-01-2024-03-31;Doradobet;Honduras;5;0;0;0;0;1;2;0
2024-03-01-2024-03-31;Doradobet;El Salvador;3;0;1;10;1;0;1;0
2024-03-01-2024-03-31;Ecuabet;Ecuador;79462;28000;183493;25667714;1565351;205366;126374;370508,67
2024-04-01-2024-04-30;Lotosports;Brasil;13544;5587;6667;490164,25;19493;3662;6918;109648,35
2024-04-01-2024-04-30;Doradobet;Perú;50415;9945;60930;37205167,53;469821;82128;54613;648450,83
2024-04-01-2024-04-30;Doradobet;Ecuador;11303;2155;4103;262050,1;13751;6151;6543;32721,26
2024-04-01-2024-04-30;Doradobet;Nicaragua;5342;1085;4379;1302766,13;33537;4630;1929;29546,83
2024-04-01-2024-04-30;Doradobet;Guatemala;1702;168;460;931428,82;2993;538;693;20121,09
2024-04-01-2024-04-30;Doradobet;Costa Rica;3822;1283;2799;163502391,8;13148;3140;2721;5947453
2024-04-01-2024-04-30;Doradobet;Chile;1733;500;900;203543070;4603;735;1156;6103417
2024-04-01-2024-04-30;Doradobet;Brasil;32;0;0;0;0;0;1;0
2024-04-01-2024-04-30;Doradobet;El Salvador;22;4;5;209,96;14;2;4;80
2024-04-01-2024-04-30;Doradobet;Honduras;10;0;0;0;0;1;1;0
2024-04-01-2024-04-30;Ecuabet;Ecuador;71281;26386;185085;26672612,36;1614272;225047;142144;331843,14
2024-05-01-2024-05-31;Lotosports;Brasil;17798;4508;5776;428651,82;17925;2457;6592;64613,94
2024-05-01-2024-05-31;Paniplay.com;Honduras;2252;217;264;318559;741;175;113;31991
2024-05-01-2024-05-31;Eltribet;México;0;0;0;0;0;2;0;0
2024-05-01-2024-05-31;Doradobet;Perú;62978;9462;57586;35748359,6;467503;83691;61690;524648,83
2024-05-01-2024-05-31;Doradobet;Ecuador;14981;2346;4992;328395,47;17078;8532;9384;33462,68
2024-05-01-2024-05-31;Doradobet;Costa Rica;4928;1588;3271;194595173,6;16540;3706;3289;6649472
2024-05-01-2024-05-31;Doradobet;Nicaragua;6354;874;4108;1344792,37;33132;4401;1988;20078,5
2024-05-01-2024-05-31;Doradobet;Chile;2786;562;990;258220827;4940;943;1693;9673183
2024-05-01-2024-05-31;Doradobet;Brasil;29;0;0;0;0;0;2;0
2024-05-01-2024-05-31;Doradobet;Guatemala;2574;216;522;962588,32;3434;575;894;25904
2024-05-01-2024-05-31;Doradobet;El Salvador;749;2;4;60;6;4;12;20
2024-05-01-2024-05-31;Doradobet;Honduras;3;0;0;0;0;0;1;0
2024-05-01-2024-05-31;Ecuabet;Ecuador;89295;31386;198049;28115522,65;1728774;234416;157426;382513,94
2024-06-01-2024-06-30;Lotosports;Brasil;14563;2942;4386;353308,37;13480;1997;4674;37119,53
2024-06-01-2024-06-30;Paniplay.com;Honduras;2912;223;302;572127,37;1179;217;221;31763
2024-06-01-2024-06-30;Doradobet;Chile;3448;845;1493;283121428;6478;1115;2288;15204980
2024-06-01-2024-06-30;Doradobet;Ecuador;16482;2703;6105;398691,11;19075;9373;12674;41028,86
2024-06-01-2024-06-30;Doradobet;Nicaragua;4877;1054;4644;1421008,56;32287;5065;2445;22664
2024-06-01-2024-06-30;Doradobet;Perú;75036;12542;70223;38680300,03;473774;101253;76777;631136,19
2024-06-01-2024-06-30;Doradobet;Costa Rica;5889;2706;5296;269089710,7;25551;5617;4518;13227857
2024-06-01-2024-06-30;Doradobet;Guatemala;4899;292;686;888277,93;3419;906;1272;45869
2024-06-01-2024-06-30;Doradobet;El Salvador;1764;5;7;145;15;11;18;40
2024-06-01-2024-06-30;Doradobet;Brasil;24;0;0;0;0;0;0;0
2024-06-01-2024-06-30;Doradobet;Honduras;10;0;0;0;0;0;1;0
2024-06-01-2024-06-30;Ecuabet;Ecuador;83230;28861;206297;26910150,73;1528582;245995;167232;326888,78
2024-07-01-2024-07-31;Lotosports;Brasil;278;389;1867;328367,91;11297;1297;3423;7829,68
2024-07-01-2024-07-31;Paniplay.com;Honduras;8517;810;940;2101075,65;4980;802;869;263263,84
2024-07-01-2024-07-31;Doradobet;Perú;66844;10496;67818;41948322,57;507826;97128;79519;596228,36
2024-07-01-2024-07-31;Doradobet;Ecuador;15758;2974;7504;468151,93;22818;10850;15181;49087,88
2024-07-01-2024-07-31;Doradobet;Costa Rica;5348;2376;5367;328531301,7;27722;6181;5918;10518219
2024-07-01-2024-07-31;Doradobet;Chile;2912;973;1709;294829242;7378;1153;2824;13904069
2024-07-01-2024-07-31;Doradobet;Guatemala;3614;397;871;1317475,1;4622;1068;1455;98524,64
2024-07-01-2024-07-31;Doradobet;Nicaragua;4039;835;4349;1387115,75;29445;5218;3158;14175,33
2024-07-01-2024-07-31;Doradobet;Honduras;9;0;0;0;0;0;1;0
2024-07-01-2024-07-31;Doradobet;El Salvador;3922;127;129;3498,64;302;130;206;1215,31
2024-07-01-2024-07-31;Doradobet;Brasil;28;0;0;0;0;0;1;0
2024-07-01-2024-07-31;Ecuabet;Ecuador;85292;29727;209092;28031976,84;1539512;246745;170682;374226,58
2024-08-01-2024-08-31;Paniplay;Honduras;6248;808;1296;3326269,59;8157;1365;1246;293609,72
2024-08-01-2024-08-31;Lotosports;Brasil;170;181;1520;236890,32;9024;982;2368;4204,61
2024-08-01-2024-08-31;Ecuabet;Ecuador;54833;13888;161983;24489321,53;1424547;213034;177141;160646,29
2024-08-01-2024-08-31;Doradobet;Nicaragua;4153;540;3894;1428998,06;31548;4767;3152;10555,56
2024-08-01-2024-08-31;Doradobet;Chile;2223;823;1569;170601870;7955;1045;2604;9987000
2024-08-01-2024-08-31;Doradobet;Perú;31797;5748;52712;40250745,72;481903;82661;72879;570616,38
2024-08-01-2024-08-31;Doradobet;Costa Rica;6409;1285;4003;379501082;29729;4465;5313;5757507
2024-08-01-2024-08-31;Doradobet;Ecuador;9366;2762;7517;600246,63;26698;11858;16119;47273,62
2024-08-01-2024-08-31;Doradobet;Guatemala;2726;231;759;1258316,66;5414;1073;1660;37536
2024-08-01-2024-08-31;Doradobet;El Salvador;2278;89;135;15013,05;662;140;252;1158,5
2024-08-01-2024-08-31;Doradobet;Brasil;64;0;0;0;0;0;0;0
2024-08-01-2024-08-31;Doradobet;Honduras;5;0;0;0;0;0;1;0
2024-09-01-2024-09-30;Paniplay;Honduras;8346;777;1722;5113233,8;12132;1825;1772;260158,92
2024-09-01-2024-09-30;Lotosports;Brasil;186;85;1304;187593,56;6501;604;1747;2155
2024-09-01-2024-09-30;Doradobet;Perú;41647;7107;59529;40559266,62;508988;93994;74176;573792,96
2024-09-01-2024-09-30;Doradobet;Costa Rica;4362;1411;4669;434052886,8;35259;4917;5508;6485892
2024-09-01-2024-09-30;Doradobet;Nicaragua;7066;742;4465;1480429,67;34458;5373;3769;18285,88
2024-09-01-2024-09-30;Doradobet;Ecuador;10772;2789;8069;728475,17;30934;13349;17753;51693,25
2024-09-01-2024-09-30;Doradobet;Chile;2225;638;1502;186697663,5;7997;1353;3380;6336698
2024-09-01-2024-09-30;Doradobet;Guatemala;3086;249;845;1256941,96;5384;1251;1626;32920,47
2024-09-01-2024-09-30;Doradobet;El Salvador;1190;94;160;11763,35;1091;198;263;954,16
2024-09-01-2024-09-30;Doradobet;Brasil;17;0;0;0;0;0;0;0
2024-09-01-2024-09-30;Doradobet;Honduras;8;0;0;0;0;0;0;0
2024-09-01-2024-09-30;Ecuabet;Ecuador;69455;16268;170596;22972610,83;1367516;228065;174456;189071,5
2024-10-01-2024-10-31;Lotosports;Brasil;22;0;0;0;0;41;100;0
2024-10-01-2024-10-31;Paniplay;Honduras;14288;864;2110;6452673,22;14723;2390;2365;275136,46
2024-10-01-2024-10-31;Doradobet;Ecuador;12856;3872;9512;846080,87;37222;13442;18486;64909,43
2024-10-01-2024-10-31;Doradobet;Perú;54002;8552;60278;39439112,3;522630;85556;66146;556587,07
2024-10-01-2024-10-31;Doradobet;Nicaragua;7805;1119;5474;1811364,91;39962;6543;4158;33078,08
2024-10-01-2024-10-31;Doradobet;Costa Rica;6829;1929;5578;492677996,8;42014;5603;6299;8884045
2024-10-01-2024-10-31;Doradobet;Chile;3320;669;1446;194754873;7355;1330;3732;6124963
2024-10-01-2024-10-31;Doradobet;El Salvador;1572;86;189;15065,74;1057;236;319;1543,56
2024-10-01-2024-10-31;Doradobet;Guatemala;2644;284;953;1689898,94;7457;1232;1737;43442,54
2024-10-01-2024-10-31;Doradobet;Honduras;25;0;0;0;0;0;0;0
2024-10-01-2024-10-31;Ecuabet;Ecuador;45076;10513;148100;20907816,81;1265166;184126;154064;132252,42
2024-11-01-2024-11-30;Paniplay;Honduras;8880;600;2049;7228225,45;15697;2446;2537;195813,78
2024-11-01-2024-11-30;Lotosports;Brasil;4;0;0;0;0;0;0;0
2024-11-01-2024-11-30;Doradobet;Chile;4085;631;1399;212975492;7398;1433;3915;6069297
2024-11-01-2024-11-30;Doradobet;Nicaragua;6182;768;4865;1581309,11;37961;6232;4165;36471,86
2024-11-01-2024-11-30;Doradobet;Perú;37750;6858;56571;39373869,96;502611;93309;69088;578854,93
2024-11-01-2024-11-30;Doradobet;Guatemala;2985;330;1046;2045251,11;8083;1463;1783;47046,81
2024-11-01-2024-11-30;Doradobet;Costa Rica;5848;1759;5697;557489078,6;45939;5895;6525;9332043,8
2024-11-01-2024-11-30;Doradobet;Ecuador;11294;3551;10210;992548,42;41947;15883;21667;72899,24
2024-11-01-2024-11-30;Doradobet;El Salvador;1775;110;229;24102,36;1229;294;402;1524
2024-11-01-2024-11-30;Doradobet;Honduras;15;0;0;0;0;0;1;0
2024-11-01-2024-11-30;Ecuabet;Ecuador;39604;9471;143672;20454062,47;1243552;179459;147882;140991,71
2024-12-01-2024-12-31;Paniplay;Honduras;6234;642;2264;9110601,95;17658;2514;2927;249762,52
2024-12-01-2024-12-31;Paniplay;Perú;6;0;0;0;0;0;0;0
2024-12-01-2024-12-31;Lotosports;Brasil;4;0;0;0;0;0;0;0
2024-12-01-2024-12-31;Doradobet;Perú;23793;5528;47443;36207006,84;452283;71314;63979;502300,78
2024-12-01-2024-12-31;Doradobet;Guatemala;1926;252;997;2254949,16;7929;1358;1658;34223,82
2024-12-01-2024-12-31;Doradobet;Ecuador;8883;3241;11573;1193236,68;51038;17680;23237;62968,41
2024-12-01-2024-12-31;Doradobet;Costa Rica;4623;1308;5410;644287582,5;48539;4934;6228;8286723
2024-12-01-2024-12-31;Doradobet;Chile;3239;453;1594;181895385;7903;1250;4145;4505922
2024-12-01-2024-12-31;Doradobet;El Salvador;1487;136;301;35160,05;1858;337;461;1326,36
2024-12-01-2024-12-31;Doradobet;Nicaragua;3771;602;4637;1441264,07;36347;5957;4332;22436,88
2024-12-01-2024-12-31;Doradobet;Honduras;16;2;2;350;2;3;0;350
2024-12-01-2024-12-31;Ecuabet;Ecuador;28744;8697;136666;22711942,45;1229870;191606;166612;116307,34
2025-01-01-2025-01-31;Paniplay;Honduras;7220;784;2620;9936936,98;20415;2989;3170;237915,18
2025-01-01-2025-01-31;Lotosports;Brasil;8;0;0;0;0;0;0;0
2025-01-01-2025-01-31;Doradobet;Nicaragua;3778;981;5702;1513662,95;41081;7194;4818;43345,11
2025-01-01-2025-01-31;Doradobet;Ecuador;9568;3803;12599;1255125,1;55407;20623;28139;76561,53
2025-01-01-2025-01-31;Doradobet;Costa Rica;5669;1503;5971;630911213;50313;6026;6983;14811453,14
2025-01-01-2025-01-31;Doradobet;Chile;3421;333;1222;225212902;7770;1091;3620;3779575
2025-01-01-2025-01-31;Doradobet;Perú;34540;6268;49617;33945086,78;430260;75008;56802;589146,45
2025-01-01-2025-01-31;Doradobet;Guatemala;1342;240;942;2111283,07;5940;1575;1709;34810
2025-01-01-2025-01-31;Doradobet;El Salvador;2868;185;387;59621,42;2668;414;577;4053
2025-01-01-2025-01-31;Doradobet;Honduras;14;4;4;3155;7;2;6;2005
2025-01-01-2025-01-31;Ecuabet;Ecuador;28528;10900;149495;24460601,88;1380259;192946;165921;173834,54
"2025-02-01-2025-02-28";"Ecuabet";"Ecuador";"35338";"13055";"160956";"27408699,16";"1527286";"206371";"172208";"199944,73";"8"
"2025-02-01-2025-02-28";"Doradobet";"Perú";"44882";"8620";"55907";"35662149,99";"473046";"84700";"62365";"601299,51";"0"
"2025-02-01-2025-02-28";"Doradobet";"Chile";"3988";"433";"1406";"225707285";"8380";"1260";"3689";"4289071,0";"0"
"2025-02-01-2025-02-28";"Paniplay";"Honduras";"8031";"1049";"3254";"12540021,32";"25616";"3648";"3676";"424746,0";"23"
"2025-02-01-2025-02-28";"Doradobet";"Guatemala";"1726";"282";"1040";"1667939,57";"6999";"1678";"1827";"18985,0";"0"
"2025-02-01-2025-02-28";"Doradobet";"Costa Rica";"5750";"2019";"7114";"740811115,64";"60460";"7176";"8093";"15570808,86";"0"
"2025-02-01-2025-02-28";"Doradobet";"Ecuador";"11466";"3528";"12941";"1317800,22";"63383";"20928";"28130";"67821,06";"0"
"2025-02-01-2025-02-28";"Doradobet";"Nicaragua";"5392";"1229";"6074";"1644461,24";"44303";"8089";"5730";"84599,82";"0"
"2025-02-01-2025-02-28";"Doradobet";"El Salvador";"2954";"352";"607";"82952,44";"3458";"657";"805";"6190,4";"0"
"2025-02-01-2025-02-28";"Doradobet";"Honduras";"16";"1";"3";"2800,0";"5";"3";"5";"200,0";"0"
"2025-02-01-2025-02-28";"Ecuabet";"Ecuador";"35338";"13055";"160956";"27408699,16";"1527286";"206371";"172208";"199944,73";"8"
"2025-02-01-2025-02-28";"Doradobet";"Perú";"44882";"8620";"55907";"35662149,99";"473046";"84700";"62365";"601299,51";"0"
"2025-02-01-2025-02-28";"Doradobet";"Chile";"3988";"433";"1406";"225707285";"8380";"1260";"3689";"4289071,0";"0"
"2025-02-01-2025-02-28";"Paniplay";"Honduras";"8031";"1049";"3254";"12540021,32";"25616";"3648";"3676";"424746,0";"23"
"2025-02-01-2025-02-28";"Doradobet";"Guatemala";"1726";"282";"1040";"1667939,57";"6999";"1678";"1827";"18985,0";"0"
"2025-02-01-2025-02-28";"Doradobet";"Costa Rica";"5750";"2019";"7114";"740811115,64";"60460";"7176";"8093";"15570808,86";"0"
"2025-02-01-2025-02-28";"Doradobet";"Ecuador";"11466";"3528";"12941";"1317800,22";"63383";"20928";"28130";"67821,06";"0"
"2025-02-01-2025-02-28";"Doradobet";"Nicaragua";"5392";"1229";"6074";"1644461,24";"44303";"8089";"5730";"84599,82";"0"
"2025-02-01-2025-02-28";"Doradobet";"El Salvador";"2954";"352";"607";"82952,44";"3458";"657";"805";"6190,4";"0"
"2025-02-01-2025-02-28";"Doradobet";"Honduras";"16";"1";"3";"2800,0";"5";"3";"5";"200,0";"0"
"2025-03-01-2025-03-31";"Ecuabet";"Ecuador";"73925";"24693";"205840";"32457625,2";"1827067";"248412";"188911";"351435,74";"8"
"2025-03-01-2025-03-31";"Doradobet";"Perú";"74560";"14881";"68845";"44426803,33";"589677";"95427";"65608";"889521,1";"0"
"2025-03-01-2025-03-31";"Doradobet";"Chile";"5525";"687";"1623";"216501657";"9104";"1591";"4154";"6616641,0";"0"
"2025-03-01-2025-03-31";"Paniplay";"Honduras";"11393";"1400";"3993";"14491527,27";"31804";"4532";"4398";"609553,48";"23"
"2025-03-01-2025-03-31";"Doradobet";"Guatemala";"2382";"411";"1317";"2224193,83";"8711";"1959";"2143";"34811,65";"0"
"2025-03-01-2025-03-31";"Doradobet";"Costa Rica";"9302";"2754";"8735";"815320890,57";"72668";"8180";"9888";"18415103,29";"0"
"2025-03-01-2025-03-31";"Doradobet";"Nicaragua";"13966";"1921";"7483";"2248700,2";"55505";"8903";"5866";"74531,28";"0"
"2025-03-01-2025-03-31";"Doradobet";"El Salvador";"6018";"594";"1003";"135050,76";"5675";"919";"1268";"8658,0";"0"
"2025-03-01-2025-03-31";"Doradobet";"Ecuador";"19793";"5074";"15731";"1737344,59";"84163";"24316";"29471";"105083,43";"0"
"2025-03-01-2025-03-31";"Doradobet";"Honduras";"16";"0";"0";"0,0";"0";"0";"0";"0,0";"0"
"2025-04-01-2025-04-30";"Ecuabet";"Ecuador";"67933";"23820";"212267";"39139206,92";"2060116";"262231";"195909";"354445,76";"8"
"2025-04-01-2025-04-30";"Doradobet";"Perú";"69264";"14465";"71700";"51590791,51";"663982";"95612";"67519";"1048293,77";"0"
"2025-04-01-2025-04-30";"Doradobet";"Chile";"4938";"800";"1866";"251082714";"10542";"1786";"4643";"8665429,0";"0"
"2025-04-01-2025-04-30";"Paniplay";"Honduras";"12206";"1259";"4251";"16044014,08";"35372";"4852";"4619";"667789,35";"23"
"2025-04-01-2025-04-30";"Doradobet";"Brasil";"0";"0";"0";"0,0";"0";"1";"0";"0,0";"0"
"2025-04-01-2025-04-30";"Doradobet";"Costa Rica";"11180";"3237";"10122";"864244933,83";"77239";"9601";"12468";"26250255,51";"0"
"2025-04-01-2025-04-30";"Doradobet";"Guatemala";"2464";"513";"1590";"2478598,73";"9629";"2270";"2596";"45259,0";"0"
"2025-04-01-2025-04-30";"Doradobet";"Ecuador";"26017";"7473";"20121";"2538170,51";"108185";"26392";"34318";"176494,72";"0"
"2025-04-01-2025-04-30";"Doradobet";"El Salvador";"6515";"746";"1398";"188304,25";"7709";"1258";"1525";"10448,64";"0"
"2025-04-01-2025-04-30";"Doradobet";"Nicaragua";"12012";"2113";"8516";"2176305,07";"61547";"10509";"6880";"41245,48";"0"
"2025-04-01-2025-04-30";"Doradobet";"Honduras";"121";"0";"0";"0,0";"0";"0";"3";"0,0";"0"
"2025-05-01-2025-05-31";"Ecuabet";"Ecuador";"73855";"23639";"210509";"36976681,63";"1941739";"269541";"211529";"419111,58";"8"
"2025-05-01-2025-05-31";"Doradobet";"Perú";"71317";"15081";"73470";"53796441,36";"659311";"97258";"70472";"1184833,67";"0"
"2025-05-01-2025-05-31";"Doradobet";"Chile";"4655";"892";"2428";"351241764";"15214";"2369";"5270";"7493724,0";"0"
"2025-05-01-2025-05-31";"Paniplay";"Honduras";"12327";"1270";"4341";"19708955,71";"36600";"5216";"4864";"933547,32";"23"
"2025-05-01-2025-05-31";"Doradobet";"Guatemala";"2312";"450";"1548";"2259268,41";"9918";"2125";"2657";"39592,52";"0"
"2025-05-01-2025-05-31";"Doradobet";"Costa Rica";"12236";"3364";"10562";"877965633,15";"78711";"9904";"14052";"20985529";"0"
"2025-05-01-2025-05-31";"Doradobet";"Ecuador";"26894";"8336";"21764";"2880672,16";"115386";"31322";"39514";"226897,52";"0"
"2025-05-01-2025-05-31";"Doradobet";"El Salvador";"8632";"1022";"1882";"261026,16";"10696";"1579";"2147";"14157,38";"0"
"2025-05-01-2025-05-31";"Doradobet";"Nicaragua";"12822";"1546";"7656";"2313343,17";"56113";"9816";"7137";"44009,51";"0"
"2025-05-01-2025-05-31";"Doradobet";"Honduras";"1216";"42";"42";"21879,0";"53";"38";"114";"12079,0";"0"
"2025-05-01-2025-05-31";"Ecuabet";"Ecuador";"73855";"23639";"210509";"36976681,63";"1941739";"269541";"211529";"419111,58";"8"
"2025-05-01-2025-05-31";"Camanbet";"Venezuela";"4231";"656";"3106";"46743871,06";"46263";"2870";"951";"246140,74";"21"
"2025-05-01-2025-05-31";"Doradobet";"Perú";"71317";"15081";"73470";"53796441,36";"659311";"97258";"70472";"1184833,67";"0"
"2025-05-01-2025-05-31";"Doradobet";"Chile";"4655";"892";"2428";"351241764";"15214";"2369";"5270";"7493724,0";"0"
"2025-05-01-2025-05-31";"Paniplay";"Honduras";"12327";"1270";"4341";"19708955,71";"36600";"5216";"4864";"933547,32";"23"
"2025-05-01-2025-05-31";"Doradobet";"Costa Rica";"12236";"3364";"10562";"877965633,15";"78711";"9904";"14052";"20985529";"0"
"2025-05-01-2025-05-31";"Doradobet";"Guatemala";"2312";"450";"1548";"2259268,41";"9918";"2125";"2657";"39592,52";"0"
"2025-05-01-2025-05-31";"GanaPlay";"Guatemala";"16436";"369";"369";"356929,38";"1484";"388";"208";"63570,14";"27"
"2025-05-01-2025-05-31";"Doradobet";"Nicaragua";"12822";"1546";"7656";"2313343,17";"56113";"9816";"7137";"44009,51";"0"
"2025-05-01-2025-05-31";"Doradobet";"Ecuador";"26894";"8336";"21764";"2880672,16";"115386";"31322";"39514";"226897,52";"0"
"2025-05-01-2025-05-31";"GanaPlay";"El Salvador";"41683";"1966";"1966";"234572,21";"10260";"1911";"1109";"31994,05";"27"
"2025-05-01-2025-05-31";"Doradobet";"El Salvador";"8632";"1022";"1882";"261026,16";"10696";"1579";"2147";"14157,38";"0"
"2025-05-01-2025-05-31";"Doradobet";"Honduras";"1216";"42";"42";"21879,0";"53";"38";"114";"12079,0";"0"
"2025-05-01-2025-05-31";"Camanbet";"Venezuela 2";"4231";"54";"769";"381213,34";"5821";"791";"167";"4035,18";"21"
